{"functionName": "go-string-reversal-breakpoint", "responseDistributions": [{"s": 0.48491081955820364, "loc": 3.335158953129641, "scale": 2.681281265866124}, {"s": 0.4164575964950036, "loc": 1.972080803305799, "scale": 4.623379017314162}, {"s": 1.0318062903403398, "loc": 2.5266543491649265, "scale": 8.475360480510947}], "maxRps": 66, "maxHostRps": 296}