{"functionName": "go-io-breakpoint", "responseDistributions": [{"s": 0.8359999421023967, "loc": 17.77704469724764, "scale": 4.816901173753557}, {"s": 0.6585619801929206, "loc": 17.458333767984726, "scale": 4.718018624376702}, {"s": 1.0796030450579437, "loc": 17.92746628514433, "scale": 8.213007705383536}], "maxRps": 31, "maxHostRps": 101}