{"functionName": "go-factorial-breakpoint", "responseDistributions": [{"s": 0.42448597334270055, "loc": 28.085820542490538, "scale": 4.6272058222479995}, {"s": 0.3670495313670832, "loc": 27.140485646299943, "scale": 5.44567384271722}, {"s": 0.5392947799249443, "loc": 27.8324421711895, "scale": 5.299166202465525}], "maxRps": 30, "maxHostRps": 114}