{
  "name": "simulator",
  "networkLatency": 0,
  "functionProfiles": [
    {
      "name": "go-string-reversal",
      "responseDistributions": [
        {
          "s": 0.47619293061572826,
          "loc": 3.3027601661415984,
          "scale": 2.674739648364951
        },
        {
          "s": 0.40093447426948087,
          "loc": 1.7766615677219197,
          "scale": 4.801016584235723
        },
        {
          "s": 1.100169503476005,
          "loc": 2.513663795461335,
          "scale": 8.017538458652977
        }
      ],
      "maxRps": 70,
      "maxHostRps": 288,
      "replicas": 32,
      "responsePayload": {
        "data": "000399928992799269925992499239922992199209929892889278926892589248923892289218920892979287927792679257924792379227921792079296928692769266925692469236922692169206929592859275926592559245923592259215920592949284927492649254924492349224921492049293928392739263925392439233922392139203929292829272926292529242923292229212920292919281927192619251924192319221921192019290928092709260925092409230922092109200929982898279826982598249823982298219820982988288827882688258824882388228821882088297828782778267825782478237822782178207829682868276826682568246823682268216820682958285827582658255824582358225821582058294828482748264825482448234822482148204829382838273826382538243823382238213820382928282827282628252824282328222821282028291828182718261825182418231822182118201829082808270826082508240823082208210820082997289727972697259724972397229721972097298728872787268725872487238722872187208729772877277726772577247723772277217720772967286727672667256724672367226721672067295728572757265725572457235722572157205729472847274726472547244723472247214720472937283727372637253724372337223721372037292728272727262725272427232722272127202729172817271726172517241723172217211720172907280727072607250724072307220721072007299628962796269625962496239622962196209629862886278626862586248623862286218620862976287627762676257624762376227621762076296628662766266625662466236622662166206629562856275626562556245623562256215620562946284627462646254624462346224621462046293628362736263625362436233622362136203629262826272626262526242623262226212620262916281627162616251624162316221621162016290628062706260625062406230622062106200629952895279526952595249523952295219520952985288527852685258524852385228521852085297528752775267525752475237522752175207529652865276526652565246523652265216520652955285527552655255524552355225521552055294528452745264525452445234522452145204529352835273526352535243523352235213520352925282527252625252524252325222521252025291528152715261525152415231522152115201529052805270526052505240523052205210520052994289427942694259424942394229421942094298428842784268425842484238422842184208429742874277426742574247423742274217420742964286427642664256424642364226421642064295428542754265425542454235422542154205429442844274426442544244423442244214420442934283427342634253424342334223421342034292428242724262425242424232422242124202429142814271426142514241423142214211420142904280427042604250424042304220421042004299328932793269325932493239322932193209329832883278326832583248323832283218320832973287327732673257324732373227321732073296328632763266325632463236322632163206329532853275326532553245323532253215320532943284327432643254324432343224321432043293328332733263325332433233322332133203329232823272326232523242323232223212320232913281327132613251324132313221321132013290328032703260325032403230322032103200329922892279226922592249223922292219220922982288227822682258224822382228221822082297228722772267225722472237222722172207229622862276226622562246223622262216220622952285227522652255224522352225221522052294228422742264225422442234222422142204229322832273226322532243223322232213220322922282227222622252224222322222221222022291228122712261225122412231222122112201229022802270226022502240223022202210220022991289127912691259124912391229121912091298128812781268125812481238122812181208129712871277126712571247123712271217120712961286127612661256124612361226121612061295128512751265125512451235122512151205129412841274126412541244123412241214120412931283127312631253124312331223121312031292128212721262125212421232122212121202129112811271126112511241123112211211120112901280127012601250124012301220121012001299028902790269025902490239022902190209029802880278026802580248023802280218020802970287027702670257024702370227021702070296028602760266025602460236022602160206029502850275026502550245023502250215020502940284027402640254024402340224021402040293028302730263025302430233022302130203029202820272026202520242023202220212020202910281027102610251024102310221021102010290028002700260025002400230022002100200029991899179916991599149913991299119910991989188917891689158914891389128911891089197918791779167915791479137912791179107919691869176916691569146913691269116910691959185917591659155914591359125911591059194918491749164915491449134912491149104919391839173916391539143913391239113910391929182917291629152914291329122911291029191918191719161915191419131912191119101919091809170916091509140913091209110910091998189817981698159814981398129811981098198818881788168815881488138812881188108819781878177816781578147813781278117810781968186817681668156814681368126811681068195818581758165815581458135812581158105819481848174816481548144813481248114810481938183817381638153814381338123811381038192818281728162815281428132812281128102819181818171816181518141813181218111810181908180817081608150814081308120811081008199718971797169715971497139712971197109719871887178716871587148713871287118710871977187717771677157714771377127711771077196718671767166715671467136712671167106719571857175716571557145713571257115710571947184717471647154714471347124711471047193718371737163715371437133712371137103719271827172716271527142713271227112710271917181717171617151714171317121711171017190718071707160715071407130712071107100719961896179616961596149613961296119610961986188617861686158614861386128611861086197618761776167615761476137612761176107619661866176616661566146613661266116610661956185617561656155614561356125611561056194618461746164615461446134612461146104619361836173616361536143613361236113610361926182617261626152614261326122611261026191618161716161615161416131612161116101619061806170616061506140613061206110610061995189517951695159514951395129511951095198518851785168515851485138512851185108519751875177516751575147513751275117510751965186517651665156514651365126511651065195518551755165515551455135512551155105519451845174516451545144513451245114510451935183517351635153514351335123511351035192518251725162515251425132512251125102519151815171516151515141513151215111510151905180517051605150514051305120511051005199418941794169415941494139412941194109419841884178416841584148413841284118410841974187417741674157414741374127411741074196418641764166415641464136412641164106419541854175416541554145413541254115410541944184417441644154414441344124411441044193418341734163415341434133412341134103419241824172416241524142413241224112410241914181417141614151414141314121411141014190418041704160415041404130412041104100419931893179316931593149313931293119310931983188317831683158314831383128311831083197318731773167315731473137312731173107319631863176316631563146313631263116310631953185317531653155314531353125311531053194318431743164315431443134312431143104319331833173316331533143313331233113310331923182317231623152314231323122311231023191318131713161315131413131312131113101319031803170316031503140313031203110310031992189217921692159214921392129211921092198218821782168215821482138212821182108219721872177216721572147213721272117210721962186217621662156214621362126211621062195218521752165215521452135212521152105219421842174216421542144213421242114210421932183217321632153214321332123211321032192218221722162215221422132212221122102219121812171216121512141213121212111210121902180217021602150214021302120211021002199118911791169115911491139112911191109119811881178116811581148113811281118110811971187117711671157114711371127111711071196118611761166115611